model,target,n,mae,rmse,r2,r
FrontierSAMNet,pce,79,1.050921637523024,1.5928172786023633,0.8917546257376201,0.9445410523376963
RandomForest,pce,79,1.9645657175781361,2.3688777648971313,0.7605787284323238,0.9034043314217776
ExtraTrees,pce,79,1.6368234968493283,2.2193623060294057,0.7898478481798308,0.9034022137024565
HistGB,pce,79,2.5507389913837493,3.2387409021690705,0.5524620769599806,0.7798549178228601
ElasticNet,pce,79,1.6671375982019834,3.311575347973801,0.532106823321938,0.7556335179808051
